faceId;faceRectangle_top;faceRectangle_left;faceRectangle_width;faceRectangle_height;faceLandmarks_pupilLeft_x;faceLandmarks_pupilLeft_y;faceLandmarks_pupilRight_x;faceLandmarks_pupilRight_y;faceLandmarks_noseTip_x;faceLandmarks_noseTip_y;faceLandmarks_mouthLeft_x;faceLandmarks_mouthLeft_y;faceLandmarks_mouthRight_x;faceLandmarks_mouthRight_y;faceLandmarks_eyebrowLeftOuter_x;faceLandmarks_eyebrowLeftOuter_y;faceLandmarks_eyebrowLeftInner_x;faceLandmarks_eyebrowLeftInner_y;faceLandmarks_eyeLeftOuter_x;faceLandmarks_eyeLeftOuter_y;faceLandmarks_eyeLeftTop_x;faceLandmarks_eyeLeftTop_y;faceLandmarks_eyeLeftBottom_x;faceLandmarks_eyeLeftBottom_y;faceLandmarks_eyeLeftInner_x;faceLandmarks_eyeLeftInner_y;faceLandmarks_eyebrowRightInner_x;faceLandmarks_eyebrowRightInner_y;faceLandmarks_eyebrowRightOuter_x;faceLandmarks_eyebrowRightOuter_y;faceLandmarks_eyeRightInner_x;faceLandmarks_eyeRightInner_y;faceLandmarks_eyeRightTop_x;faceLandmarks_eyeRightTop_y;faceLandmarks_eyeRightBottom_x;faceLandmarks_eyeRightBottom_y;faceLandmarks_eyeRightOuter_x;faceLandmarks_eyeRightOuter_y;faceLandmarks_noseRootLeft_x;faceLandmarks_noseRootLeft_y;faceLandmarks_noseRootRight_x;faceLandmarks_noseRootRight_y;faceLandmarks_noseLeftAlarTop_x;faceLandmarks_noseLeftAlarTop_y;faceLandmarks_noseRightAlarTop_x;faceLandmarks_noseRightAlarTop_y;faceLandmarks_noseLeftAlarOutTip_x;faceLandmarks_noseLeftAlarOutTip_y;faceLandmarks_noseRightAlarOutTip_x;faceLandmarks_noseRightAlarOutTip_y;faceLandmarks_upperLipTop_x;faceLandmarks_upperLipTop_y;faceLandmarks_upperLipBottom_x;faceLandmarks_upperLipBottom_y;faceLandmarks_underLipTop_x;faceLandmarks_underLipTop_y;faceLandmarks_underLipBottom_x;faceLandmarks_underLipBottom_y;faceAttributes_gender;class
5f861f9b-237a-40d8-8fa8-6d1404af0f7e;260;5;343;343;66.4;395.0;227.4;328.0;178.4;459.8;145.0;523.7;274.6;467.3;-4.9;375.9;87.4;344.9;42.0;405.1;63.5;385.3;72.4;410.7;95.8;388.8;166.5;310.1;278.4;278.9;203.7;343.6;221.3;320.2;234.4;342.0;257.5;319.8;124.9;378.1;166.8;360.9;138.6;439.2;202.4;413.4;132.9;470.4;226.8;430.3;201.1;498.1;206.7;509.0;210.3;509.7;219.0;526.7;female;Andressa
0b7af444-49c2-4457-a4d7-f21a88bcc21c;491;256;724;724;435.3;709.4;779.3;671.9;612.5;903.7;483.3;1024.6;783.4;996.4;281.3;621.6;487.1;615.6;362.7;720.5;418.0;688.6;422.5;742.3;484.6;715.3;677.0;597.8;905.4;598.5;719.7;687.6;773.6;648.7;782.0;702.7;833.4;672.2;545.1;718.8;640.3;707.0;533.9;838.0;688.0;823.9;506.2;904.1;725.1;884.3;626.4;1010.7;626.8;1039.0;617.5;1047.1;621.6;1080.7;female;Andressa
7439a852-bf6b-4836-b065-e90ba87601c4;195;296;885;885;628.2;356.2;988.0;533.1;796.1;698.7;478.8;756.2;781.8;887.6;506.0;196.5;793.3;336.8;562.4;328.6;643.2;330.2;604.2;397.5;681.8;404.2;949.9;429.9;1161.3;492.4;933.9;520.0;1008.2;512.4;986.2;573.5;1049.2;564.7;782.5;457.6;878.9;498.5;712.8;590.6;866.1;649.4;626.7;636.8;865.9;730.9;698.4;809.3;675.7;847.7;661.4;873.3;638.8;933.7;female;Andressa
695ad138-eca4-4c2f-8152-d81150663362;512;197;600;600;371.9;665.0;654.5;681.3;487.2;843.9;375.9;945.0;596.2;955.6;267.4;593.2;437.1;621.3;320.5;664.3;370.4;647.5;360.6;694.6;416.9;681.0;578.0;626.7;760.7;610.4;601.3;690.9;654.8;662.4;653.6;713.4;705.3;691.8;464.2;692.2;540.5;698.0;440.3;793.5;551.4;796.6;417.2;837.2;572.5;842.7;486.5;939.2;487.6;957.8;487.0;957.2;488.3;991.1;female;Andressa
bab27977-ea42-4927-9c27-9f69de85d67a;1660;329;564;564;432.0;1899.1;669.4;1762.8;649.8;1967.5;555.8;2115.2;760.3;1988.9;296.6;1896.4;496.6;1811.3;397.3;1922.5;422.3;1885.5;443.7;1919.6;481.3;1880.1;606.8;1748.1;733.1;1645.7;636.4;1789.4;663.0;1748.9;687.5;1776.3;717.6;1733.7;538.6;1857.3;606.7;1818.6;567.7;1948.4;674.8;1887.1;563.5;2004.5;711.0;1909.1;671.6;2040.9;681.8;2059.1;687.4;2076.2;702.5;2101.0;female;Andressa
64b3ef71-7435-4dcf-997e-d9b069625eaf;477;225;1215;1215;446.1;1023.9;909.0;708.5;899.9;1092.2;763.3;1473.9;1182.5;1173.1;150.5;1038.2;509.0;781.3;364.4;1082.9;422.0;998.5;466.4;1070.3;537.7;990.6;724.0;654.5;1005.7;470.8;842.6;773.5;882.4;688.6;937.1;744.0;982.5;665.1;633.4;928.2;763.1;846.1;730.0;1112.4;917.2;976.8;733.4;1233.2;1011.9;1028.8;983.1;1276.8;1001.7;1313.2;1019.1;1350.3;1045.2;1401.8;female;Andressa
73c3aa90-9075-4f94-a7c9-2fdde9bff999;239;264;396;396;372.5;344.1;563.7;357.1;463.6;459.6;369.3;520.3;538.0;525.4;286.6;299.7;426.4;304.3;337.1;344.0;371.9;330.3;367.8;364.5;403.8;353.2;521.1;309.2;656.9;322.9;530.3;360.6;563.5;344.2;563.6;374.7;595.2;358.7;439.1;362.1;495.2;363.6;424.8;421.3;502.6;425.9;402.3;459.6;520.4;460.5;458.3;520.9;456.6;536.3;456.5;536.5;455.3;557.8;female;Andressa
8d936523-af04-4367-b2db-d7fe892a13c7;98;311;433;433;419.7;216.5;611.5;213.5;582.5;329.4;427.7;420.2;595.2;417.1;335.5;171.4;500.2;153.9;387.4;213.5;423.3;202.4;422.6;234.5;460.1;219.2;591.5;171.6;677.9;160.0;584.6;217.5;619.7;203.4;619.3;231.2;644.2;215.4;513.6;222.3;573.3;218.9;516.7;300.3;598.5;295.4;488.9;340.1;611.2;326.1;553.2;405.5;552.9;426.0;551.7;427.2;552.6;456.1;female;Andressa
c6f1686b-9896-4b25-b97b-619c80b4e60a;814;1044;436;436;1188.3;912.1;1387.5;971.6;1264.5;1052.9;1139.1;1099.5;1326.5;1147.2;1112.0;857.6;1259.4;884.0;1152.6;905.5;1192.2;903.4;1178.8;928.0;1218.5;929.6;1363.1;912.9;1494.9;954.1;1353.0;971.4;1390.8;962.5;1384.0;988.1;1425.5;986.1;1260.0;948.7;1322.0;962.5;1234.2;1013.0;1317.9;1035.5;1198.9;1039.9;1324.7;1073.5;1242.3;1115.4;1236.9;1134.1;1234.2;1153.0;1226.6;1177.1;female;Andressa
021ec3f0-b613-4abd-bfe9-75769cde25fc;175;181;417;417;275.1;298.3;454.8;272.6;438.0;388.4;325.4;505.5;460.0;475.0;187.5;268.0;353.1;244.4;247.3;302.9;277.3;283.8;283.0;315.9;321.0;297.5;427.7;234.4;527.1;212.2;428.5;280.9;455.0;261.1;459.2;290.7;486.6;269.5;356.2;289.1;415.2;283.3;368.8;365.2;448.5;347.8;349.6;407.7;473.2;376.0;421.2;472.7;421.9;488.2;418.1;495.0;420.6;523.6;female;Andressa
81e93c59-fe19-4c94-82c5-9aea653f7f77;112;534;760;760;878.2;252.5;1164.5;486.4;875.3;493.9;684.1;532.9;945.9;724.8;816.8;106.0;996.2;227.1;827.1;219.9;886.7;235.2;853.5;271.8;918.9;296.8;1138.7;343.1;1320.4;489.0;1107.4;451.2;1175.7;470.8;1147.1;508.8;1210.6;521.7;964.0;337.9;1046.0;404.7;862.7;412.5;982.0;511.6;794.9;441.9;970.2;582.0;819.2;606.6;796.9;635.7;799.6;642.1;771.6;679.9;female;Andressa
e48aba51-3dd2-488c-84af-64c4a7045559;487;416;722;722;549.1;764.2;876.6;645.2;842.2;849.5;677.2;1060.1;954.3;957.7;374.7;725.1;632.3;624.0;493.0;788.7;538.5;748.2;564.0;790.0;609.1;750.8;801.6;577.4;971.4;522.4;824.6;670.5;869.1;630.3;893.3;665.5;930.1;626.4;691.8;718.4;791.6;686.3;720.8;829.0;853.1;780.1;701.5;898.6;919.8;825.8;841.2;966.3;849.6;994.1;865.0;1034.7;890.7;1080.1;female;Andressa
745d6e9c-1c79-4e5f-989c-d0630094f32e;59;548;470;470;766.2;133.2;936.7;282.9;761.6;330.8;650.0;312.1;784.4;433.6;736.0;34.3;840.4;150.7;740.1;112.0;777.9;124.5;754.3;154.3;794.4;169.6;910.2;222.3;1039.5;311.5;905.5;270.2;947.9;275.7;928.5;309.6;968.1;313.7;824.5;204.3;876.0;250.6;756.3;259.8;828.7;322.3;719.0;272.4;820.3;359.3;719.8;370.3;711.9;383.1;705.7;388.8;691.5;409.4;female;Andressa
37ea7f2e-a660-456c-add6-011467a893f4;854;990;1347;1347;1426.8;1166.5;2059.5;1330.4;1636.8;1607.4;1293.7;1735.3;1886.5;1870.6;1162.0;997.1;1604.8;1091.6;1297.5;1145.9;1422.7;1124.9;1381.4;1229.0;1512.5;1208.1;1888.4;1176.9;2341.6;1283.9;1933.0;1319.8;2062.1;1288.0;2031.1;1395.4;2154.7;1358.7;1613.6;1246.1;1806.6;1284.7;1522.5;1461.6;1804.1;1519.0;1440.1;1544.7;1846.7;1631.8;1602.7;1785.9;1589.2;1828.2;1573.7;1877.8;1545.5;1942.5;female;Andressa
19bb2088-5e29-4809-a1b8-d8abe6c4ac37;249;0;862;969;152.6;562.4;537.6;439.6;325.4;780.5;275.3;1030.5;608.0;901.1;-31.9;468.0;167.4;459.9;72.7;569.6;140.7;522.4;149.2;598.5;223.6;553.3;340.7;407.6;654.6;276.5;460.1;481.9;516.4;409.7;543.2;482.3;608.0;426.0;238.6;557.2;371.4;514.5;241.7;721.3;429.1;676.9;232.8;824.2;496.1;734.2;388.7;912.3;407.0;964.4;417.2;1002.2;439.1;1067.8;female;Andressa
5c496423-c580-410a-8c34-e2b9f37a37f1;276;322;778;778;581.8;448.4;943.5;551.7;704.2;700.8;508.9;790.4;808.2;874.9;476.7;328.8;694.2;374.0;508.1;432.6;582.0;422.1;555.3;482.6;639.9;481.3;866.8;446.2;1100.3;506.7;875.5;548.0;947.5;526.9;929.7;584.5;994.5;571.7;697.9;509.7;792.3;531.5;655.3;628.5;786.2;658.0;597.4;681.5;809.0;728.5;672.1;823.7;659.1;853.9;662.2;855.5;640.5;901.4;female;Andressa
ff1b6299-ec3d-4471-9bf3-32f754030c4c;201;277;244;244;336.0;267.3;450.2;265.9;417.5;337.4;347.4;379.3;443.7;375.9;283.4;248.3;376.3;241.4;315.0;268.6;337.7;258.9;337.5;279.4;359.8;269.7;437.4;244.2;496.4;236.0;434.3;270.5;453.9;257.8;457.2;277.0;474.1;266.2;391.3;273.2;423.2;273.4;385.1;317.7;434.9;316.6;370.2;342.6;445.5;336.3;410.9;375.1;410.3;383.7;407.6;383.2;407.5;398.2;female;Andressa
7c3103f9-a4ba-469a-af21-5b14fbea3f42;316;119;726;726;247.5;629.1;552.3;455.8;526.4;692.6;420.9;903.4;681.1;744.6;77.8;613.9;284.9;489.0;196.0;663.7;236.0;619.2;258.0;656.0;300.0;612.7;433.4;406.6;602.8;303.4;510.4;493.5;542.4;440.6;571.6;480.5;606.0;432.1;364.5;573.8;454.8;524.3;414.4;683.2;544.3;604.8;407.0;755.5;606.3;638.1;564.6;799.6;578.5;822.0;596.6;858.4;618.3;887.0;female;Andressa
9fb058a1-68fe-4a90-9d6e-667128e4aba9;73;634;749;749;824.5;289.2;1195.0;294.6;1002.2;465.5;847.3;618.6;1174.8;608.2;660.4;210.9;897.5;182.2;762.1;299.2;822.5;271.4;823.7;316.9;887.0;299.0;1084.0;187.3;1358.8;206.7;1129.0;303.4;1187.9;278.5;1192.4;313.5;1251.3;297.9;947.3;302.3;1064.6;300.2;917.5;417.1;1102.3;415.5;886.8;473.5;1130.1;465.6;1010.9;581.5;1011.6;613.5;1003.6;656.2;1001.9;704.1;female;Andressa
5b899f83-e76a-40d8-86b1-c34ce7f77f92;128;298;204;204;351.7;185.1;448.3;187.1;402.6;235.3;354.7;277.3;442.8;275.2;313.2;165.7;374.6;157.2;336.2;187.6;350.2;181.4;350.2;190.7;364.7;188.7;422.1;161.2;481.8;173.5;433.1;189.8;448.8;184.0;448.1;193.5;462.2;191.0;384.2;188.4;414.0;190.0;378.1;220.8;423.3;222.1;366.2;233.9;434.2;234.2;400.7;261.5;400.8;269.1;400.5;286.1;401.8;298.1;female;Andressa
e914cfd2-8a1f-4c8d-a756-4058f98c120b;752;426;748;748;658.7;923.9;992.8;995.4;803.4;1137.0;631.0;1279.6;909.7;1330.9;572.4;819.5;795.0;850.1;613.2;915.6;669.9;910.9;661.8;937.9;722.5;940.4;929.4;885.1;1146.4;934.8;936.0;992.7;1003.2;984.7;994.8;1016.9;1055.7;1009.2;798.0;955.6;884.2;972.0;749.4;1075.4;872.8;1102.3;694.9;1122.0;894.3;1165.5;787.8;1248.2;780.4;1282.1;772.3;1322.1;759.3;1366.8;male;Heitor
329c830f-14d3-4fce-9f77-6536e97ed58a;1204;306;1538;1538;666.4;1755.2;1331.1;1558.5;1055.7;2017.4;828.2;2403.8;1521.4;2205.5;366.9;1705.6;793.8;1534.3;576.5;1787.6;653.6;1730.6;673.8;1776.8;770.4;1729.0;1093.7;1454.4;1623.6;1371.1;1250.5;1584.9;1350.9;1532.3;1363.6;1576.1;1452.3;1541.6;880.0;1680.1;1121.9;1624.4;862.4;1949.4;1233.0;1861.6;783.1;2048.5;1348.7;1895.0;1124.5;2234.2;1144.9;2304.2;1203.1;2465.8;1243.7;2571.1;male;Heitor
b411a9fb-36e9-44fe-a6ce-0e91702f93e3;1675;634;1049;1049;887.4;2010.1;1387.1;1942.5;1146.9;2259.4;951.1;2445.4;1430.0;2394.4;667.1;1897.1;994.2;1894.0;804.9;2022.9;870.0;2011.7;879.6;2024.8;954.0;1994.6;1209.8;1869.3;1588.1;1757.0;1317.2;1955.5;1385.7;1946.3;1394.3;1963.0;1468.9;1925.0;1049.2;1994.4;1200.4;1978.4;1014.0;2176.5;1277.6;2153.2;983.3;2272.3;1342.1;2240.9;1180.2;2402.7;1192.1;2451.5;1190.9;2466.4;1211.0;2535.6;male;Heitor
caffd61f-ed71-4cc4-a4bd-33d8696f2dd6;1554;604;1248;1248;969.5;1865.5;1538.7;1935.9;1260.1;2199.0;944.8;2453.1;1420.9;2500.4;781.0;1723.6;1199.7;1775.3;879.2;1852.3;983.7;1830.5;965.7;1893.0;1069.7;1891.4;1418.7;1801.0;1790.3;1857.3;1447.4;1934.1;1546.9;1911.1;1535.0;1976.3;1636.4;1972.3;1179.0;1914.3;1376.7;1936.2;1123.5;2098.8;1396.0;2119.1;1032.2;2201.4;1452.4;2225.4;1210.0;2398.8;1200.4;2468.5;1191.1;2544.8;1172.3;2625.2;male;Heitor
e25fb3ec-e27b-4bfb-90de-4213e3023c86;1348;262;1553;1553;637.5;1853.3;1301.8;1710.6;1048.8;2151.1;804.7;2550.7;1419.2;2436.3;340.1;1788.6;806.3;1678.7;511.3;1898.2;622.6;1827.9;638.5;1916.1;752.2;1850.4;1143.1;1599.7;1552.5;1516.3;1202.9;1753.1;1300.4;1677.9;1322.8;1775.1;1428.2;1709.6;879.4;1847.6;1099.9;1804.6;894.8;2078.0;1179.9;2029.8;821.1;2248.2;1288.2;2141.7;1082.4;2419.0;1098.7;2496.9;1107.1;2545.8;1131.5;2653.5;male;Heitor
0688f479-d2d3-447f-87ea-b9e855b9e894;1378;617;1349;1349;1015.0;1720.9;1616.1;1832.6;1332.2;2062.3;926.0;2313.9;1560.4;2401.4;790.0;1575.2;1270.7;1612.6;916.9;1714.3;1015.0;1688.5;1008.0;1756.1;1112.2;1742.1;1555.7;1643.3;1890.3;1740.2;1540.8;1824.2;1645.4;1809.3;1621.4;1873.4;1733.5;1863.4;1250.1;1775.3;1441.9;1805.2;1183.0;1951.4;1466.6;1988.7;1065.2;2061.1;1553.8;2118.0;1283.8;2290.5;1269.4;2356.5;1240.6;2462.9;1225.3;2561.8;male;Heitor
3616ef38-b2cf-4a55-8b12-2e1ae895b8b0;1448;478;957;957;826.4;1644.8;1217.2;1786.8;971.6;1938.6;711.1;2101.8;1044.8;2208.4;697.1;1546.0;1003.2;1604.9;759.8;1631.3;839.5;1627.5;820.0;1669.1;891.5;1671.0;1134.9;1651.1;1392.8;1757.8;1152.4;1767.2;1228.6;1763.5;1216.7;1813.1;1289.7;1814.0;967.9;1701.1;1087.1;1742.6;900.3;1854.7;1074.9;1906.2;817.9;1910.4;1097.3;1998.7;915.5;2103.4;899.1;2153.4;896.7;2187.8;882.9;2248.4;male;Heitor
d4538017-b417-4a4d-a338-88a675be2ea3;1414;413;971;971;641.2;1751.6;1078.4;1645.8;894.1;1927.3;728.5;2160.2;1164.8;2062.2;441.7;1671.8;726.0;1619.4;575.0;1772.6;621.1;1732.8;644.1;1783.1;700.5;1739.5;932.7;1572.7;1215.6;1514.4;1010.4;1665.0;1064.7;1627.9;1081.2;1672.5;1146.5;1629.2;778.7;1717.6;903.8;1687.3;781.0;1874.3;988.7;1835.2;734.6;1963.5;1076.7;1880.2;926.5;2059.0;938.9;2106.1;964.7;2183.8;985.9;2249.1;male;Heitor
f3e36d5c-fa3c-45cb-9a29-21dc40da99ce;1514;470;1438;1438;789.5;2025.6;1398.9;1815.1;1209.6;2307.1;998.3;2634.2;1577.3;2453.8;501.2;1992.0;929.4;1864.5;683.2;2077.6;775.9;2002.8;799.7;2080.4;896.9;2014.5;1183.3;1768.9;1622.0;1659.1;1302.1;1879.2;1390.7;1789.2;1420.9;1872.0;1507.8;1799.1;1011.4;1988.7;1165.0;1936.8;1031.2;2209.0;1280.5;2139.0;988.5;2375.6;1412.1;2238.3;1276.1;2494.3;1291.5;2560.8;1310.5;2632.9;1332.6;2721.0;male;Heitor
202229fd-5c14-4445-99a3-5e82bde23afa;1929;649;1158;1158;1034.9;2193.6;1548.0;2347.6;1249.5;2557.8;891.4;2664.3;1400.8;2835.6;892.8;2052.0;1257.8;2146.1;960.4;2170.6;1045.2;2173.4;1028.6;2214.6;1118.5;2218.8;1440.9;2200.5;1751.0;2290.7;1471.5;2328.7;1568.8;2332.0;1543.0;2371.8;1632.5;2382.3;1245.8;2260.2;1388.9;2313.7;1134.4;2422.9;1387.8;2514.4;1021.1;2495.7;1394.9;2618.2;1191.1;2703.9;1166.8;2763.2;1130.2;2869.1;1103.2;2959.7;male;Heitor
3d68d4f1-2c9f-49df-956b-86992da19fae;1653;543;1194;1194;919.0;1929.4;1446.4;2069.1;1171.7;2298.9;803.4;2449.5;1349.3;2563.5;744.9;1794.4;1151.8;1849.8;830.4;1911.8;944.7;1902.7;914.1;1960.3;1013.9;1960.3;1383.5;1906.8;1671.0;2034.8;1376.3;2061.0;1472.6;2037.8;1455.5;2102.0;1546.9;2096.1;1144.1;2004.3;1286.5;2045.6;1053.1;2172.0;1296.6;2234.1;935.3;2258.1;1333.4;2350.4;1106.9;2432.6;1091.8;2491.9;1060.7;2619.9;1032.7;2708.5;male;Heitor
b78c6f68-45fc-49c5-a0d5-d422112f037a;1398;495;1488;1488;851.4;1885.0;1507.1;1761.2;1210.9;2147.6;1026.1;2554.8;1619.0;2436.3;637.7;1778.5;1017.6;1701.8;759.9;1917.5;856.2;1858.7;877.8;1923.3;973.0;1879.1;1317.5;1643.6;1716.2;1574.5;1405.3;1791.7;1503.3;1728.7;1515.5;1803.7;1627.5;1763.9;1083.5;1862.5;1278.1;1829.3;1050.5;2089.2;1358.6;2036.7;1010.5;2225.1;1462.1;2142.2;1265.1;2389.9;1285.1;2464.8;1316.4;2571.0;1335.6;2649.7;male;Heitor
b8642a36-5518-434f-9696-6afc232be175;1277;661;636;636;799.1;1505.2;1062.8;1417.7;994.6;1600.8;899.0;1779.9;1150.4;1701.4;686.2;1500.4;874.5;1419.1;758.4;1525.3;791.8;1494.2;801.8;1525.4;839.2;1494.6;982.6;1374.9;1149.2;1327.4;1028.5;1432.1;1064.5;1399.9;1074.2;1433.9;1116.6;1407.5;895.4;1480.9;975.0;1456.1;912.3;1581.7;1035.9;1539.2;894.1;1640.2;1083.1;1572.0;1011.8;1691.5;1023.4;1721.7;1047.9;1775.1;1058.1;1813.0;male;Heitor
4a3b63c0-696f-4a3f-acde-bc8b31dbf14a;1724;487;1439;1439;936.7;2086.6;1584.8;2207.0;1208.8;2470.0;820.1;2705.8;1472.4;2823.0;742.4;1956.0;1207.0;1984.5;858.2;2080.4;958.3;2065.8;945.0;2126.0;1052.4;2118.4;1433.8;2029.1;1849.2;2144.4;1501.5;2197.2;1605.8;2180.0;1586.4;2241.4;1704.8;2245.1;1195.5;2143.5;1396.5;2179.6;1082.9;2349.9;1407.3;2406.8;961.1;2436.7;1471.4;2509.3;1201.4;2652.1;1180.6;2723.6;1131.7;2883.3;1098.0;2979.7;male;Heitor
787eb755-4177-40f5-a38b-505704088c95;1685;36;1552;1552;490.1;2154.7;1095.0;2055.4;725.0;2444.2;587.7;2921.2;1174.9;2811.4;261.7;2002.4;592.7;1962.2;414.9;2186.5;482.0;2113.6;500.2;2202.0;578.1;2159.5;871.4;1898.8;1342.6;1881.5;996.7;2089.6;1106.0;2007.3;1128.0;2103.0;1249.9;2054.6;652.4;2134.5;845.6;2115.7;588.0;2410.9;924.4;2381.2;555.8;2541.8;985.7;2485.6;791.1;2789.5;805.3;2848.1;826.4;2910.1;846.6;3023.1;male;Heitor
506492fd-6d67-4671-b54e-5f31b406d3e3;1558;470;1369;1369;788.9;1999.3;1386.2;1887.4;1173.7;2266.9;951.0;2626.8;1489.6;2502.9;554.4;1935.9;960.9;1850.8;695.7;2029.0;785.2;1967.3;800.1;2057.0;903.8;2000.9;1214.7;1774.1;1567.8;1736.9;1293.4;1927.8;1369.4;1854.2;1398.8;1936.9;1485.9;1878.8;1029.4;1984.8;1190.2;1962.8;1018.7;2198.2;1271.1;2160.2;974.7;2325.7;1366.3;2261.9;1214.9;2462.1;1229.1;2527.5;1242.7;2628.6;1259.6;2690.4;male;Heitor
eb084262-3574-4a5d-a75a-a4ce7f476b0b;1108;363;1620;1620;719.5;1672.1;1374.3;1499.3;1251.7;1859.2;953.6;2404.5;1595.7;2235.7;348.7;1656.2;891.3;1414.6;613.3;1727.8;701.6;1634.0;746.1;1723.3;850.0;1656.2;1206.1;1352.9;1656.5;1368.0;1287.9;1549.7;1381.5;1459.5;1410.4;1562.9;1508.7;1520.1;980.3;1607.7;1222.8;1546.0;1010.8;1908.2;1358.9;1807.4;949.9;2018.9;1449.2;1886.7;1322.7;2203.4;1343.0;2282.0;1338.0;2301.0;1369.4;2416.0;male;Heitor
68050a47-625d-421a-a993-f7e256e7f42e;1152;253;1278;1278;645.0;1483.7;1205.1;1573.4;912.2;1783.0;555.6;2039.9;1133.6;2141.4;460.4;1371.9;879.7;1362.2;554.8;1473.8;652.4;1451.5;650.7;1511.9;746.0;1500.4;1111.1;1398.2;1495.0;1558.4;1149.9;1564.6;1245.6;1551.9;1221.9;1612.5;1313.1;1611.4;864.7;1512.5;1053.2;1546.4;773.3;1695.0;1058.3;1731.3;667.8;1778.1;1117.5;1842.0;883.4;1981.2;881.8;2044.7;852.3;2174.2;838.9;2251.9;male;Heitor
23fc0a8b-19ad-4e36-8e0b-18be7b150c8f;1442;412;1737;1737;917.7;1860.2;1694.7;1975.3;1371.5;2358.9;874.6;2679.3;1537.9;2767.0;625.7;1673.0;1326.2;1750.9;808.0;1844.5;934.8;1820.4;934.1;1905.3;1077.1;1882.0;1538.6;1811.0;2061.2;1774.6;1605.1;1985.6;1732.0;1936.6;1743.1;2019.5;1868.0;1985.9;1270.6;1930.1;1479.6;1956.3;1159.0;2230.2;1500.6;2252.4;1048.2;2335.5;1572.2;2365.9;1284.6;2636.9;1281.9;2718.2;1275.5;2788.1;1263.3;2930.8;male;Heitor
cabcee60-3bb1-4642-a1bd-c2b8cb7bb8a2;1535;493;1499;1499;819.7;2077.6;1495.6;1896.8;1273.3;2318.1;977.6;2698.9;1672.3;2503.9;488.1;2032.0;1011.8;1877.6;682.4;2120.3;798.0;2053.3;815.0;2130.7;933.0;2069.3;1230.2;1806.8;1693.4;1714.0;1371.3;1943.8;1470.0;1867.1;1496.5;1941.3;1591.2;1881.9;1022.3;2056.4;1271.4;1992.9;1032.6;2273.8;1385.3;2179.2;975.2;2405.7;1513.0;2257.3;1302.5;2528.5;1318.5;2614.4;1342.6;2700.3;1369.4;2816.8;male;Heitor
0493d64f-d329-4ca0-a476-60b50a9c2820;365;227;418;418;339.5;485.0;523.6;478.5;436.7;557.7;365.8;684.9;513.5;684.5;264.5;449.6;389.1;425.3;310.2;488.7;339.0;471.0;339.9;497.3;370.5;485.9;464.7;423.7;609.0;446.3;491.9;480.7;524.0;466.0;523.4;491.5;555.0;485.2;404.2;479.7;462.0;480.1;400.6;541.0;476.0;541.1;379.3;578.4;499.4;582.3;437.3;639.7;437.1;668.7;436.1;687.2;436.8;721.9;male;Matheus
a0f6ee39-4c74-4d45-8ad9-bfb18552131c;156;25;178;178;73.5;208.0;152.4;202.8;110.4;249.4;79.7;288.8;156.2;282.7;39.5;193.0;90.4;187.9;55.1;211.1;69.9;202.9;71.4;213.2;86.1;209.6;122.5;184.0;181.7;186.3;135.2;205.0;150.9;197.6;151.0;206.7;165.6;203.1;98.2;209.5;122.0;207.0;93.8;237.0;129.2;233.3;86.4;252.7;140.9;247.5;114.2;275.6;114.9;283.9;116.5;301.4;118.1;310.3;male;Matheus
da510b47-1520-4fee-b6a3-a759fe59f543;239;11;304;304;110.0;302.8;243.4;349.3;169.8;403.3;83.7;442.3;207.0;476.0;60.4;258.8;163.2;278.2;86.0;299.1;111.6;297.8;106.5;312.5;132.1;312.8;225.7;301.6;309.5;335.9;222.2;344.1;246.2;343.2;242.4;354.5;263.8;355.4;164.7;328.1;199.0;337.8;141.8;370.9;198.5;383.1;119.9;389.8;209.7;417.4;155.3;444.2;150.6;457.9;143.8;484.5;136.7;503.4;male;Matheus
3cc7c52b-816e-4603-a211-ec19893c8aa0;195;64;280;280;138.7;272.6;265.5;273.4;201.4;338.4;151.4;404.9;264.6;398.4;91.2;246.1;173.5;234.9;115.4;276.6;137.3;265.7;137.3;281.6;159.3;275.4;225.2;236.6;312.8;249.5;240.2;275.5;264.1;265.2;264.1;281.5;286.6;276.0;181.9;275.4;226.7;275.1;172.2;324.0;233.3;321.0;161.4;347.2;244.8;340.1;206.5;380.5;207.7;398.7;209.2;420.4;210.4;441.4;male;Matheus
422c3749-e0e5-469e-ae5f-d2b3bcaa06e8;85;55;52;52;78.0;95.3;97.0;107.5;80.4;113.5;65.0;115.2;82.9;127.2;72.1;87.4;86.5;95.3;75.0;93.8;78.7;94.5;77.6;96.2;81.1;97.7;94.2;100.0;105.6;108.1;93.2;105.4;97.1;106.4;96.1;108.0;99.2;109.9;84.3;100.4;90.5;104.2;79.0;106.7;87.3;112.4;73.9;108.6;86.9;117.8;76.2;119.4;74.9;121.3;71.7;125.2;70.0;127.9;male;Matheus
5d1e21bc-d5ea-41f4-8758-cfea7fec00ec;245;0;262;272;72.1;316.7;192.5;324.5;117.1;389.4;64.7;441.6;179.7;447.2;26.3;289.5;99.8;286.7;45.5;318.8;66.9;308.1;66.4;326.0;88.6;320.6;154.4;290.8;246.2;311.6;168.5;324.7;189.6;316.1;189.7;332.8;210.8;329.2;110.0;324.5;146.6;325.9;96.4;366.2;148.8;367.8;82.0;389.0;163.3;393.8;120.2;427.6;119.2;440.9;116.7;462.4;117.3;482.1;male;Matheus
c03c205e-d187-49d7-93a8-6219a2fcf0e7;316;263;197;197;311.3;380.1;398.4;363.5;361.1;416.5;330.3;469.2;408.3;453.3;274.3;370.6;332.6;351.6;297.7;383.6;309.8;375.3;312.5;386.5;325.7;378.7;366.2;343.9;427.6;347.4;381.0;367.6;397.1;358.8;398.0;370.9;412.2;364.3;343.1;375.6;366.6;371.5;340.7;405.9;376.6;401.5;332.0;424.0;388.6;415.3;365.8;447.6;366.0;454.1;368.3;474.1;369.8;481.8;male;Matheus
ef47b0e5-75d1-4166-a20b-44c632faf2dc;145;70;326;326;155.9;233.1;299.0;241.5;239.7;307.7;165.6;384.9;303.9;389.2;99.1;202.6;196.4;193.0;133.0;236.6;157.2;225.9;155.5;243.8;176.9;238.6;261.3;195.4;357.9;213.5;275.2;244.1;297.9;235.1;299.0;251.5;321.0;244.6;206.7;242.7;248.0;243.3;200.8;289.1;265.0;288.7;178.5;320.0;287.1;317.6;239.3;361.8;238.3;378.4;240.9;403.1;243.1;420.9;male;Matheus
3cfa6fba-747f-40f2-99b8-67de92e0a3aa;117;72;83;83;97.4;137.0;133.9;144.0;116.0;161.9;92.0;173.7;129.5;180.2;82.7;130.5;109.7;131.1;91.2;137.0;97.8;134.9;96.9;139.2;103.5;139.5;126.7;134.8;148.0;142.8;128.7;143.8;135.4;142.2;133.8;146.5;140.1;146.6;111.8;142.3;122.8;143.9;107.3;154.5;124.5;157.3;101.4;160.7;126.1;164.4;113.3;173.5;112.9;176.9;111.7;184.3;111.0;188.2;male;Matheus
6b41e4a1-b242-41b3-920b-4eb99c5981cc;441;133;275;275;221.6;508.5;341.4;526.7;269.4;593.9;198.0;626.4;319.7;649.5;183.2;488.0;264.5;492.0;201.7;508.3;223.1;504.3;219.9;515.4;239.9;514.4;314.6;498.5;387.2;515.4;322.0;528.6;344.3;520.2;341.6;536.7;362.8;535.0;266.2;524.5;298.2;528.5;248.1;565.5;300.9;578.2;228.9;583.1;309.2;601.6;258.5;626.9;257.0;639.1;252.5;669.8;250.1;684.4;male;Matheus
b04de221-aa46-4b21-a692-d546a63f85d0;283;307;365;365;402.1;391.5;566.8;377.8;487.9;480.5;417.6;553.0;572.2;544.7;339.3;366.4;445.5;348.0;375.9;399.8;400.5;383.6;403.6;403.1;429.7;392.6;520.5;340.1;625.8;347.4;542.1;385.1;569.2;370.8;567.5;391.0;594.1;383.8;462.5;391.8;514.7;388.9;450.4;451.1;528.2;451.2;433.0;481.9;544.2;477.5;488.3;531.3;490.0;547.8;493.5;583.7;496.4;604.7;male;Matheus
801a8a8a-12f9-4387-bd59-8b6111012413;62;34;77;77;54.0;88.0;86.5;79.2;66.7;104.2;63.9;122.9;94.0;114.2;39.7;86.2;58.1;79.6;48.6;91.1;52.4;86.9;54.1;91.0;59.0;87.8;71.9;74.1;97.9;69.5;80.4;81.9;85.6;77.3;87.1;81.7;92.1;78.9;62.2;87.2;73.4;84.7;61.7;100.5;77.8;97.7;60.5;106.7;82.0;101.5;73.0;113.9;74.4;117.9;77.0;125.0;78.3;130.1;male;Matheus
78700905-78db-4290-bad4-c1e39c56fbd0;247;161;324;324;248.1;349.1;375.5;325.0;329.4;408.8;266.4;502.8;401.3;476.5;182.6;329.3;269.7;292.4;227.3;353.8;243.7;341.5;245.7;355.6;262.5;347.7;334.3;278.7;430.1;291.0;354.7;330.9;373.8;316.8;376.6;332.8;392.1;324.6;292.2;341.9;329.9;334.9;291.3;387.0;349.3;374.8;284.2;423.2;371.2;401.1;333.1;457.5;333.9;470.9;339.3;518.6;340.9;532.1;male;Matheus
9e838edc-dea0-4add-891b-2f300a741067;438;339;477;477;513.5;532.7;705.4;604.8;588.5;684.6;459.7;765.5;613.4;819.3;452.8;467.7;594.9;500.0;478.1;526.7;513.6;515.3;504.9;554.4;543.6;549.1;671.5;532.5;782.7;594.2;670.4;598.9;709.1;590.9;697.4;624.1;734.3;621.8;586.1;568.9;640.5;589.1;548.3;641.6;630.0;665.8;521.1;673.4;636.2;715.1;560.1;766.4;551.4;790.6;546.7;797.2;543.0;821.0;male;Matheus
14472d4c-20ca-4a10-97ec-e67ac8a870a2;157;156;173;173;197.3;213.7;272.6;198.3;242.3;248.5;214.4;292.1;286.4;274.0;166.5;207.4;211.0;190.1;183.9;219.0;194.6;209.6;197.3;219.9;208.5;213.9;243.7;185.0;296.8;183.3;258.2;203.2;269.5;194.0;271.5;205.0;283.2;199.6;222.5;211.5;242.5;207.4;222.5;237.9;252.7;230.6;217.6;256.3;265.6;243.1;246.9;271.7;248.2;279.1;250.6;294.3;253.0;304.1;male;Matheus
293a3e89-f946-4f1b-b7aa-ff8aaa265fa2;83;49;57;57;66.8;97.9;93.2;99.7;76.4;114.5;63.6;122.1;89.0;125.0;57.8;92.9;74.3;93.4;63.0;98.2;67.0;96.9;67.0;99.1;71.1;98.6;85.7;93.4;103.3;97.1;88.5;99.9;93.4;98.8;92.9;101.2;98.0;101.0;75.7;99.5;83.5;100.2;71.8;108.8;83.5;110.1;68.6;112.7;86.1;114.5;76.7;120.5;76.5;122.9;75.1;129.3;74.8;132.6;male;Matheus
c937ed7f-cfde-482a-b960-724aad172d19;137;71;102;102;105.8;160.8;151.0;171.1;122.5;192.2;94.8;204.5;137.5;215.9;89.6;153.0;121.3;152.1;97.7;161.1;106.0;158.1;104.7;163.8;112.6;163.2;143.0;156.9;169.4;169.2;143.3;170.3;151.5;168.4;149.3;174.3;157.9;174.5;122.0;166.3;134.2;168.9;113.9;181.1;134.0;186.1;107.2;187.5;137.1;196.6;119.1;204.5;117.6;208.0;112.8;220.1;111.0;225.6;male;Matheus
02db875f-fc27-4a55-9736-952c2f262066;532;263;421;421;371.8;651.7;555.4;636.7;475.5;745.7;411.4;856.7;556.1;841.2;301.8;627.9;417.9;600.6;341.8;656.9;369.8;638.1;373.3;666.9;405.0;650.5;491.0;598.8;618.7;603.3;522.9;641.7;555.4;625.3;557.4;652.2;587.1;639.1;439.9;651.5;490.0;646.8;437.9;726.4;505.3;715.0;419.8;764.6;532.4;752.0;482.2;822.2;484.2;845.1;482.0;851.2;485.9;877.4;male;Matheus
210722b8-d553-49bd-8ce2-c390d8f12c37;124;99;109;109;135.3;149.3;183.3;159.9;150.6;186.5;121.6;193.2;172.1;205.9;117.6;140.1;153.2;146.9;127.5;149.3;136.4;147.5;135.5;152.2;144.1;151.3;173.7;151.5;204.1;159.3;176.2;158.4;184.9;158.1;183.3;161.8;190.4;161.6;153.2;155.2;166.7;158.3;144.4;172.1;163.9;177.2;135.5;178.7;168.9;185.9;146.6;199.0;145.3;202.1;142.3;209.9;140.6;215.8;male;Matheus
84c1f215-ccc8-4070-9ef0-919774f0badb;62;42;65;65;57.8;84.4;85.9;76.2;71.2;100.1;64.7;111.8;93.0;105.0;43.7;83.5;60.6;77.4;52.8;87.0;57.0;83.2;58.0;86.9;62.2;84.2;74.6;72.3;96.8;68.6;80.3;78.8;85.1;74.5;86.4;78.6;90.8;75.5;66.1;83.3;74.1;81.3;65.6;94.8;78.3;92.4;63.8;100.9;82.7;96.4;75.4;106.2;76.6;109.2;78.4;115.1;79.8;119.4;male;Matheus
af54fc9f-4252-4c59-be8b-ebc7ddcd0d39;71;43;52;52;58.7;84.3;82.6;87.0;67.7;98.9;55.5;107.1;78.1;109.6;49.4;80.4;65.6;80.2;54.5;84.8;58.9;83.5;58.3;86.0;62.8;85.8;77.0;81.3;93.0;83.9;78.4;87.5;82.9;85.9;82.3;88.9;87.0;88.3;66.9;86.7;73.3;87.6;63.3;94.8;73.7;96.2;59.6;98.1;75.9;100.1;66.5;105.4;66.3;107.4;65.4;113.8;65.5;116.0;male;Matheus
5a01801d-487b-49b6-a0d7-64ddcdbd99cb;132;221;274;274;305.8;200.8;423.2;212.8;359.4;267.6;303.0;335.5;400.4;345.1;267.4;176.6;344.0;168.7;287.3;203.7;306.7;196.0;305.2;209.8;323.4;206.1;391.0;175.2;470.4;201.6;404.9;212.7;426.1;209.1;423.3;221.9;443.1;221.3;350.7;207.4;382.1;210.9;341.1;247.1;385.7;252.0;322.5;273.4;395.6;280.5;355.7;314.8;354.4;326.1;352.1;344.2;351.4;357.4;male;Matheus
28b87e74-66de-421b-8e5e-b389fa537a82;181;37;179;179;86.4;230.9;167.4;230.7;127.5;273.8;89.6;315.1;159.3;312.8;47.2;211.8;111.3;209.7;68.9;231.6;83.3;226.2;83.1;236.4;97.7;232.2;140.9;209.7;200.6;212.8;152.3;233.0;167.3;225.4;167.6;236.7;180.6;231.8;114.4;233.6;135.1;234.3;107.9;264.4;141.8;262.6;99.1;277.1;149.3;276.3;123.4;298.6;122.7;308.4;123.1;321.5;122.4;332.8;male;Matheus
85f4a2d0-d585-4abe-a3ae-e72c2b148368;66;20;50;50;37.1;78.0;59.1;82.6;44.6;95.0;31.5;99.7;52.7;104.4;29.0;73.0;45.3;74.8;33.8;77.9;37.5;77.2;36.8;79.5;40.7;79.4;55.2;76.6;67.6;79.9;55.3;82.8;59.4;81.7;58.9;84.5;63.0;84.1;44.2;80.7;51.1;82.2;40.4;88.8;50.4;91.3;36.9;92.5;52.4;95.7;42.8;100.1;42.4;102.4;41.6;107.8;40.9;110.5;male;Matheus
3fbb1fb6-928b-4bfb-b354-b0b261a3611f;79;66;77;77;86.1;98.7;120.3;101.5;105.5;120.3;87.4;134.6;120.0;135.3;75.7;91.1;98.8;90.9;80.4;98.8;87.1;96.7;86.3;101.3;92.5;100.1;112.3;92.7;135.3;95.5;115.1;101.9;120.7;99.5;121.1;104.0;127.2;102.8;100.2;101.3;110.4;101.9;98.1;113.8;113.3;114.4;94.1;119.4;116.0;120.2;105.3;129.9;104.9;133.6;104.2;142.0;103.8;146.8;male;Matheus
c2f7a565-1164-4728-8b60-e0b36c614d02;236;407;566;566;553.4;392.0;817.1;395.8;693.4;517.2;589.7;658.6;795.3;661.3;459.5;346.2;624.4;320.8;511.6;404.8;556.9;378.4;556.5;412.6;600.0;400.2;753.1;326.7;915.2;355.7;769.8;405.2;815.0;382.2;814.0;418.2;858.4;408.0;656.2;406.5;720.9;406.6;643.3;502.5;741.0;504.7;619.0;550.6;758.4;552.9;694.0;613.6;692.3;648.7;694.0;649.9;693.6;693.1;female;Outros
4062e974-63f3-4af3-a2f7-9153b077ed77;184;106;204;204;162.8;237.3;249.4;235.4;207.8;301.8;170.2;334.5;252.7;329.8;126.8;229.8;186.1;225.2;149.7;242.4;163.0;233.3;164.4;244.1;178.5;240.7;228.6;222.9;293.2;229.5;236.4;240.0;250.3;230.9;249.4;242.7;263.5;240.6;196.2;243.3;220.0;243.4;191.5;282.6;225.2;284.1;181.9;299.9;235.5;299.2;207.1;331.5;207.5;338.6;206.8;341.4;207.2;352.2;male;Outros
63632fbb-df5f-43a7-8778-1b0ca3ab3c17;633;393;992;992;650.3;922.4;1083.1;887.8;905.0;1180.9;690.6;1372.8;1120.4;1333.4;461.1;901.0;774.5;832.4;575.1;948.1;645.6;902.2;652.8;956.8;721.5;932.2;966.7;801.2;1245.0;821.2;1013.3;907.3;1083.9;861.8;1087.8;915.6;1150.9;892.2;817.7;932.9;933.6;923.9;788.8;1087.3;999.7;1077.8;743.7;1177.3;1049.1;1164.5;916.6;1316.2;917.6;1348.0;926.4;1427.0;927.1;1482.3;male;Outros
35954bde-afb8-44e3-94b4-b459bd8f767d;109;119;174;174;167.7;156.6;238.1;151.1;199.5;207.4;177.2;242.4;246.3;230.7;142.5;144.8;184.3;141.0;159.8;160.8;170.0;153.1;170.0;162.9;180.6;157.9;213.3;139.7;271.6;139.8;227.0;156.2;237.7;148.5;238.2;157.6;250.2;153.5;192.6;161.6;213.6;161.3;185.2;190.6;218.2;187.8;178.2;209.4;231.1;203.8;206.9;229.5;208.5;237.0;210.0;249.8;210.1;261.8;male;Outros
1a9a010d-f325-4b8c-852a-968ddc13447b;205;101;286;286;172.4;290.9;290.2;268.5;245.1;370.4;201.0;423.1;313.7;402.7;120.1;280.6;199.5;262.0;151.9;297.0;172.2;283.9;175.9;301.2;194.7;291.8;256.8;249.1;340.5;243.0;270.7;276.7;289.1;263.3;290.9;279.9;311.1;272.5;218.0;292.1;248.8;284.9;218.8;346.3;263.5;339.2;209.2;371.8;279.9;360.2;252.8;414.4;255.3;423.2;254.2;425.8;257.9;438.3;male;Outros
b55b96a6-063c-467d-bb93-fa2d915e721e;219;103;339;339;196.2;307.2;342.3;305.5;277.4;406.2;212.8;471.1;334.9;469.3;137.1;286.1;239.9;290.8;172.6;311.4;193.9;297.6;195.5;317.9;220.4;310.0;297.3;291.4;398.0;277.5;319.0;309.0;341.3;295.0;343.5;315.1;365.9;307.4;253.8;317.3;289.7;316.8;244.5;376.0;304.7;372.9;230.8;408.5;320.6;404.5;275.7;453.4;277.0;468.7;277.7;472.2;279.1;492.9;male;Outros
1860a313-0e18-4f72-a850-eb2282d8c361;204;120;244;244;182.1;272.1;293.6;269.8;246.1;332.1;200.8;386.7;291.3;384.8;132.7;252.4;217.5;249.7;164.7;273.4;182.7;264.2;182.9;278.3;201.2;274.8;258.2;251.0;337.6;247.3;278.2;273.0;295.7;262.5;298.5;275.7;314.7;268.0;221.1;279.3;256.5;277.2;215.3;313.6;270.1;309.3;202.7;335.0;282.9;330.0;246.4;370.5;246.5;385.0;246.6;390.3;247.5;407.2;male;Outros
dd788ea6-eade-4286-8d41-b1d8b9c18486;118;51;172;172;102.2;163.0;175.7;166.4;136.0;217.8;94.1;238.3;175.2;242.7;70.1;148.7;124.0;152.4;87.6;163.4;102.0;159.6;99.7;167.4;112.7;166.0;156.3;153.4;205.9;156.0;161.8;169.1;175.1;164.3;174.7;171.7;187.5;168.4;126.9;169.7;153.0;171.4;119.3;197.1;157.3;201.9;108.4;209.6;164.8;217.5;135.4;236.7;134.1;243.5;132.2;258.9;131.4;267.9;male;Outros
b599518e-3576-4e6f-b26f-5e6c5288d185;128;142;215;215;207.7;183.3;297.4;183.5;240.6;242.8;213.5;288.4;289.9;290.1;176.5;162.2;231.1;170.5;194.4;184.1;207.3;178.8;207.0;190.9;221.8;185.6;266.2;166.8;333.6;166.3;281.1;186.4;294.7;179.2;296.2;190.6;311.0;184.0;239.3;189.3;258.4;190.0;226.5;223.7;262.5;228.5;215.4;244.1;274.9;250.4;246.2;277.9;246.7;288.2;248.2;293.6;247.7;309.6;male;Outros
2442b7a6-a4c1-4535-b100-03074c407f0f;113;143;335;335;232.9;206.6;378.2;201.2;306.5;290.4;251.9;366.0;384.0;355.9;172.8;167.7;274.3;176.0;204.4;210.8;231.9;198.7;229.7;221.6;256.3;214.8;337.2;169.7;438.3;158.5;355.0;207.5;382.1;190.7;382.8;213.5;408.9;201.7;284.8;215.8;330.9;213.9;276.2;268.7;340.8;268.8;262.0;298.2;354.3;299.6;312.7;344.8;312.5;362.1;316.0;365.3;317.9;392.1;female;Outros
8030e369-e6c1-4879-a50a-49bef52d7b7a;306;127;408;408;242.4;417.9;418.0;415.3;328.9;533.6;243.3;604.8;421.9;600.0;161.5;393.3;284.6;386.4;210.4;421.1;240.0;408.4;239.4;425.9;267.3;419.4;371.1;382.2;492.2;394.4;389.2;419.0;415.9;406.6;417.2;425.2;442.8;418.1;302.6;423.7;347.9;423.2;291.9;495.3;367.0;492.7;272.7;527.1;389.8;529.8;330.8;594.3;330.4;604.9;330.2;611.9;329.2;626.9;male;Outros
7d1afbdc-7d9c-41f5-986a-ac2df293f218;205;139;350;350;236.3;296.6;389.6;294.5;313.3;392.1;257.9;467.3;374.0;468.5;179.1;248.6;279.3;249.5;204.7;300.3;233.4;284.8;232.8;314.7;262.0;305.4;346.6;248.4;457.6;250.6;363.0;304.2;391.8;281.8;394.1;313.4;420.3;298.4;292.4;311.1;336.0;311.2;281.7;369.5;347.5;371.8;269.0;401.8;358.4;403.3;313.3;446.5;313.3;463.9;314.8;471.2;315.8;493.3;female;Outros
38240b40-a8b7-4afd-8374-a78b906b6cdc;133;66;189;189;120.1;182.5;201.8;183.1;157.7;233.2;127.5;274.7;197.5;273.4;89.9;168.3;139.9;163.5;106.6;183.8;119.5;178.6;118.3;189.6;130.2;186.3;178.6;163.1;237.9;171.2;190.6;185.8;200.0;179.4;201.9;189.3;212.5;183.8;147.9;188.4;170.3;189.1;139.9;220.1;177.4;219.4;134.0;237.6;187.3;235.9;161.3;264.9;161.3;272.4;161.1;273.2;161.9;285.7;male;Outros
d44ec0b3-5084-4ea8-a15b-103e6686f4ba;149;113;250;250;176.1;221.2;293.1;219.2;245.6;284.1;181.2;330.2;296.1;325.3;128.7;211.9;218.6;206.4;160.7;222.3;181.1;217.8;179.1;226.4;198.2;222.6;263.7;206.9;340.2;210.1;275.7;221.7;293.4;216.5;294.3;225.0;312.2;221.3;224.3;223.6;256.9;223.6;212.0;258.6;270.8;257.0;196.4;282.0;283.4;278.5;245.3;312.4;243.8;324.8;243.1;340.1;240.6;353.8;male;Outros
880995db-4f18-489c-9f6e-40bf6ee05e54;51;125;67;67;146.1;67.9;174.5;69.6;160.1;87.8;144.2;100.1;170.9;101.3;133.9;62.0;153.4;61.5;141.6;68.0;146.5;65.8;146.3;69.7;150.6;68.2;167.9;62.0;185.7;65.4;170.0;69.3;175.3;67.5;174.9;71.4;179.9;70.6;156.2;70.2;163.7;70.6;154.0;81.0;165.8;81.8;149.7;86.5;169.5;88.3;159.3;96.9;159.0;99.1;158.8;105.5;159.0;109.4;male;Outros
c28db395-91a3-4370-8a3c-e8b1db74e341;30;61;106;106;87.4;60.9;136.9;58.1;114.0;83.2;96.1;109.7;135.1;107.5;70.1;50.2;104.0;49.5;78.8;62.4;86.9;57.8;87.8;63.6;95.3;61.5;124.0;48.3;159.6;50.5;130.4;59.6;138.0;55.8;138.6;60.5;145.1;58.6;107.0;62.1;119.6;61.8;101.9;77.9;125.2;77.1;96.6;87.6;130.8;84.8;114.3;103.5;114.8;107.3;114.4;109.7;114.4;115.5;male;Outros
1342eebc-dbb1-41c8-ba0a-cab26488e6c7;170;91;228;228;141.7;256.5;234.3;210.7;196.3;297.1;189.8;351.5;267.2;313.1;87.3;240.1;148.5;221.4;123.0;265.8;135.5;251.5;141.3;267.2;155.4;254.0;185.5;199.0;263.9;167.9;211.7;225.0;226.8;206.8;233.9;222.3;249.3;205.4;172.8;249.0;197.2;236.2;178.5;285.8;211.9;273.3;171.9;303.9;226.1;280.7;210.7;325.8;215.6;335.3;224.6;346.8;232.6;362.8;female;Outros
c9856ae5-9336-4e16-89de-a46edf7cdb4d;110;192;218;218;251.7;166.7;345.2;164.9;301.1;229.3;264.4;272.5;342.5;270.2;202.4;147.8;275.6;145.8;232.7;171.0;250.8;160.8;251.1;176.9;268.6;171.4;320.9;143.4;395.3;145.7;327.3;169.3;347.4;158.4;347.4;174.3;365.0;166.6;288.2;173.2;313.0;173.1;283.7;215.4;319.3;213.5;277.1;232.3;329.1;231.8;303.3;265.4;303.4;273.6;303.1;273.7;302.9;289.4;female;Outros
cb757730-dae8-44e6-b22b-841445c383d8;99;32;144;144;71.6;136.3;136.8;136.9;104.0;176.1;79.8;205.9;129.4;206.7;50.2;127.8;91.3;131.1;59.8;137.3;71.4;132.3;70.3;142.5;81.5;139.0;118.2;130.3;157.2;129.3;125.5;139.3;136.0;132.6;136.3;142.8;146.7;138.2;95.0;140.5;113.0;141.2;91.3;164.8;116.5;165.5;86.1;178.2;122.4;180.6;104.1;201.9;104.4;206.6;103.4;205.2;104.1;211.9;female;Outros
e3c230de-5743-474d-9ab1-a823e0849f82;66;199;165;165;247.9;116.1;323.0;111.8;273.4;146.7;246.0;189.1;318.0;185.9;216.6;100.6;260.3;95.0;233.5;119.4;245.8;111.6;246.7;122.5;258.3;117.9;298.6;92.1;353.5;100.2;308.3;114.5;320.7;107.8;321.5;117.5;334.8;113.9;269.7;116.4;290.6;114.7;261.7;136.7;292.9;137.8;253.1;152.9;302.8;153.6;277.0;171.8;277.0;178.2;277.2;195.7;277.9;207.6;female;Outros
42d5ed57-ead8-4e8b-b8ac-344c1c2864b2;113;208;211;211;259.2;168.9;353.3;171.3;325.1;220.3;278.1;271.4;350.6;273.6;223.2;149.0;295.8;147.4;244.2;169.6;262.1;162.2;260.9;175.9;281.1;171.7;343.0;151.2;388.6;140.5;341.8;173.8;358.3;165.1;358.3;179.0;374.6;174.5;304.5;174.1;332.0;175.7;300.5;208.4;338.5;208.0;291.2;228.2;346.9;225.3;319.6;258.1;319.7;268.3;319.7;278.2;319.5;293.2;female;Outros
9b8a3c82-6b23-43e1-afaf-5fc1c609f8b5;256;131;414;414;253.2;365.3;432.3;370.2;338.2;489.7;242.8;554.0;421.5;558.4;169.6;349.1;307.6;342.3;228.6;369.3;258.5;356.4;257.1;381.2;285.7;370.7;380.3;339.9;516.6;361.3;403.0;370.5;430.8;358.1;430.5;384.5;462.0;372.5;319.1;376.6;363.8;377.5;301.8;438.8;376.8;444.7;281.2;479.9;393.9;491.3;331.5;550.1;331.5;566.4;333.2;569.6;331.7;589.4;male;Outros
92b20b60-da0e-4fa1-ba3b-3c686405cd34;67;118;116;116;146.6;100.5;197.7;97.0;177.8;129.4;155.8;154.5;203.4;149.0;124.3;92.0;157.3;88.6;138.9;102.5;146.4;97.5;147.3;105.2;155.5;101.2;186.9;88.1;218.4;85.1;190.0;99.4;197.7;94.4;198.6;101.8;206.4;97.8;167.4;101.5;182.5;100.7;164.7;118.6;188.4;117.2;159.5;131.1;194.9;127.9;181.0;147.9;181.6;152.6;183.1;157.0;184.1;163.0;male;Outros
0818759e-75c3-4131-af15-8e4b70f9cf2f;162;169;192;192;223.6;218.0;303.9;205.9;250.1;269.6;237.8;308.9;311.7;296.3;187.3;194.6;226.7;197.7;208.2;218.8;218.7;211.4;218.6;224.4;233.4;219.8;266.4;191.8;329.4;177.3;286.7;213.1;299.6;200.7;302.1;215.3;314.5;207.1;242.6;220.5;265.6;217.0;238.5;256.3;272.9;253.7;233.8;271.5;282.8;268.6;261.7;295.0;264.0;304.8;266.4;314.6;267.9;327.6;female;Outros
a4e9013a-852e-4525-8706-fa69e52d5ec9;158;277;316;316;359.9;248.4;503.8;243.6;431.9;338.6;365.8;383.1;514.7;381.5;313.4;225.3;403.2;227.4;336.8;250.8;359.3;239.7;360.8;257.9;385.6;250.9;468.7;222.1;563.9;217.6;484.4;248.3;508.4;235.6;510.1;253.6;535.2;245.4;416.3;254.4;457.6;252.7;403.9;309.5;466.8;307.2;383.1;335.4;485.5;336.6;433.3;380.1;434.4;390.8;436.3;401.2;436.7;424.7;male;Outros
a5a42be9-ff48-4c89-9d05-58e3742512c3;462;702;354;354;793.2;573.3;960.1;568.7;885.9;627.0;794.7;722.7;962.8;721.5;712.0;543.3;832.5;522.8;765.6;578.7;790.4;565.6;789.5;584.1;815.8;577.9;923.2;522.9;1037.2;527.9;934.9;573.3;962.3;559.6;963.8;578.1;989.9;571.6;853.6;576.8;900.5;574.9;842.7;615.8;914.4;613.7;826.1;648.5;936.7;648.3;882.7;685.7;883.0;704.4;888.6;752.9;887.3;774.0;female;Outros
6a7a83eb-1f6a-4423-89fc-b4b99aac58e9;296;206;339;339;302.7;378.5;455.8;398.7;384.9;492.7;293.4;531.6;441.5;545.3;247.7;339.3;356.5;353.4;274.7;377.6;303.0;368.8;299.2;393.0;328.3;390.8;422.8;361.4;519.5;372.9;432.4;404.6;458.2;389.3;457.8;412.6;485.1;405.7;363.6;399.7;405.6;405.5;348.5;457.3;414.9;462.7;327.2;484.1;428.4;495.5;375.0;537.2;373.1;546.9;368.8;571.3;367.3;595.5;female;Outros
6fa34243-9ccf-484d-bee3-93a11563dbfb;306;125;399;399;225.2;423.7;418.0;419.9;323.4;540.0;226.7;586.2;431.4;579.6;157.2;382.7;282.4;386.2;194.2;426.7;226.0;414.9;223.3;437.6;254.9;432.4;363.9;387.4;493.5;371.4;392.0;430.9;415.5;410.6;420.3;432.7;452.4;420.7;304.4;436.0;344.7;436.8;287.0;504.6;366.9;502.2;264.7;541.4;390.0;533.4;328.4;586.0;330.3;597.4;334.6;624.0;337.0;643.4;female;Outros
c948666f-377b-4e3b-aacc-e47d4ca4e7ad;101;62;145;145;95.5;149.5;159.7;135.2;131.9;174.3;116.0;215.7;170.4;201.4;67.4;146.4;106.4;131.2;85.3;154.4;95.6;145.7;97.7;154.2;107.5;149.5;137.4;126.5;187.4;121.0;148.7;139.8;158.2;131.0;160.8;139.8;171.4;135.0;117.6;147.5;137.0;143.5;118.6;168.7;146.8;163.3;115.4;183.0;155.5;173.1;138.1;198.6;140.3;205.1;141.4;209.4;144.8;220.0;female;Outros
ce2b9abd-8768-4147-b825-e1d6e114a40e;95;60;128;128;98.5;128.6;158.0;137.4;125.1;167.2;87.9;180.4;151.6;190.0;79.2;111.7;118.7;122.5;87.9;127.0;99.4;125.2;96.7;132.4;108.5;132.7;146.3;127.7;187.5;130.8;149.2;138.9;160.2;134.2;159.3;141.9;169.5;139.7;122.7;136.4;140.2;139.1;114.0;154.8;139.8;158.3;105.7;162.7;143.8;168.5;122.0;183.4;121.2;188.6;119.5;200.3;117.9;209.0;female;Outros
fd432d98-cd34-4101-90a1-039ebed3ef45;206;134;276;276;210.0;281.3;339.9;282.0;281.3;363.5;207.0;402.0;322.4;406.6;156.2;250.9;254.6;262.5;185.1;283.1;212.8;274.9;209.0;295.7;235.0;288.2;302.6;263.1;386.9;249.2;314.3;286.7;341.3;273.4;339.7;294.5;366.2;286.1;263.7;290.2;298.3;290.7;250.5;339.1;305.8;340.5;237.4;359.8;313.7;362.6;273.5;396.9;271.9;408.0;270.8;432.5;269.5;450.7;female;Outros
75c05d30-60b6-4ea4-bab0-6d3e97496c8f;91;64;130;130;113.7;119.1;166.4;143.7;126.1;158.2;89.1;169.4;147.8;195.9;102.7;101.2;134.2;114.2;103.9;116.3;115.0;115.8;111.2;123.0;121.3;124.4;158.2;123.3;191.8;144.3;158.0;141.0;167.9;141.0;164.8;148.0;173.7;148.7;132.3;129.7;147.0;136.9;118.7;146.0;141.9;156.0;109.0;152.3;143.7;168.8;118.4;179.1;116.2;182.9;113.1;192.3;109.7;198.3;male;Outros
2555411f-99f2-4624-a7c7-915a1144a632;153;140;217;217;200.2;217.5;296.6;210.0;248.2;265.4;206.6;316.7;294.7;311.9;155.1;204.4;220.1;193.6;180.1;222.0;197.6;211.6;197.6;224.6;214.0;220.9;266.9;190.8;328.6;190.2;278.6;214.5;293.6;204.2;293.8;216.9;309.6;211.7;232.4;220.8;259.7;218.7;230.6;253.9;268.4;252.0;222.2;275.3;276.5;271.7;250.5;300.7;251.4;309.9;252.9;318.8;254.7;332.4;female;Outros
a63feb78-e8ad-456b-aeae-63171f5d7098;88;66;143;143;106.1;122.3;170.7;132.1;142.3;163.5;107.7;191.3;159.8;198.0;84.7;106.9;131.6;116.8;97.4;122.1;109.0;119.1;107.2;127.3;118.3;125.6;158.4;119.5;193.4;124.4;161.5;133.3;173.7;129.2;172.4;137.5;182.8;135.6;133.0;130.1;150.1;132.3;127.8;151.4;152.6;154.2;119.1;161.6;156.4;166.7;137.0;185.3;136.4;190.9;134.8;198.2;133.5;207.1;male;Outros
055325d9-d602-4d65-bc88-46a2727e465d;113;281;124;124;313.6;148.8;368.4;145.1;350.8;181.1;314.5;203.5;368.5;201.5;288.8;143.8;330.2;137.4;304.4;150.5;312.8;146.5;313.2;152.4;321.7;149.0;355.4;135.1;387.1;135.1;358.9;146.7;367.2;142.6;367.3;148.4;375.2;146.1;334.7;149.0;349.1;147.8;332.6;169.4;356.8;168.3;326.0;177.8;364.2;178.3;346.6;196.8;346.3;201.9;346.9;210.6;347.3;217.8;male;Outros
3731d11d-8877-4239-8958-a0a5140fdcc9;86;231;270;270;317.3;151.4;437.2;167.0;360.2;230.2;305.2;277.5;406.7;290.9;268.0;115.6;355.3;131.2;295.2;152.2;316.9;144.9;312.9;163.2;335.4;159.2;401.6;135.5;490.0;140.3;412.4;168.9;436.5;160.9;434.5;179.0;455.7;173.8;354.0;166.3;389.4;170.3;340.1;212.5;386.8;217.5;324.5;232.7;396.2;243.9;355.0;274.9;353.2;287.9;352.8;291.0;350.9;308.9;female;Outros
1daf1318-c299-4449-be1e-97c52c52d0ec;151;101;162;162;146.5;194.5;220.0;195.3;184.0;245.9;143.8;265.4;218.0;266.0;112.0;181.4;159.0;180.5;132.9;193.7;147.0;189.6;144.7;200.4;158.3;198.6;204.5;183.0;249.4;182.5;207.0;198.9;219.2;190.7;220.0;201.8;231.8;196.0;171.9;201.9;192.2;201.7;165.5;229.6;195.6;229.9;159.9;243.6;203.2;245.6;181.0;266.1;180.5;270.1;181.4;275.9;181.2;284.9;female;Outros
87399ba6-afca-4d2e-aed8-f25a42cdf072;115;239;104;104;266.2;144.7;313.9;144.8;291.9;174.0;266.2;189.9;314.9;189.3;246.7;137.7;279.4;135.4;258.1;145.6;266.8;142.6;266.0;148.1;274.6;147.4;303.7;134.5;333.7;136.2;306.0;147.0;313.2;142.6;314.4;147.9;322.0;145.3;285.0;148.5;296.2;148.1;280.0;166.4;301.9;165.6;275.4;174.3;306.3;173.8;291.1;188.1;291.0;191.2;290.8;201.1;291.2;206.7;female;Outros
f6dcca11-93ce-42d2-82e5-62f21cb55c6a;54;89;90;90;116.5;77.7;156.5;81.4;130.0;99.9;112.9;118.3;152.3;121.8;102.8;69.6;126.0;70.7;108.4;78.0;115.2;75.2;114.7;79.7;120.9;78.5;143.5;71.3;172.1;76.9;149.3;81.0;155.9;79.4;155.0;83.5;161.8;82.7;129.6;80.3;137.7;81.1;124.2;91.1;139.9;92.5;117.8;98.8;145.4;101.7;130.3;116.3;129.9;119.2;129.8;122.4;129.5;126.8;male;Outros
e971c62e-fcb5-4e23-98df-e0065051092b;125;89;157;157;131.3;165.5;198.8;166.1;164.2;216.5;141.4;238.2;203.6;241.2;108.3;149.9;147.8;155.2;121.4;167.5;134.4;161.6;133.4;172.7;146.4;168.4;179.8;157.3;233.7;148.1;190.7;170.0;201.5;162.6;203.6;173.6;214.6;167.0;157.9;173.3;175.9;173.3;153.7;200.9;181.2;200.8;144.8;212.3;193.1;214.0;168.1;239.1;168.3;245.4;168.4;248.7;168.9;260.2;male;Outros
11f7cd60-1d59-45c7-b29f-605047d1d7a1;123;140;225;225;205.6;179.2;297.2;190.9;266.2;233.6;201.2;286.2;291.2;299.3;167.6;161.0;235.6;158.5;191.3;180.6;205.8;173.5;205.4;186.5;221.9;184.0;281.5;164.8;338.1;179.6;280.1;191.4;297.9;185.9;294.6;199.4;309.8;196.7;247.1;186.8;268.6;188.8;237.7;224.2;279.0;224.4;225.8;242.5;285.4;245.2;254.3;280.0;253.6;289.5;253.5;292.9;252.8;303.8;male;Outros
d47ad0f3-778d-4503-96d5-f906e4bef259;181;105;255;255;179.3;243.0;286.5;250.8;237.7;318.5;182.2;367.6;274.7;374.3;144.1;216.2;213.5;229.8;162.1;243.5;183.0;235.9;180.4;253.6;199.6;247.2;258.6;236.5;331.0;243.3;271.6;252.6;291.8;245.1;290.1;261.6;309.0;255.6;223.1;249.8;251.6;252.4;211.4;297.0;258.7;299.3;201.2;316.6;267.9;318.5;230.0;359.4;229.1;371.1;235.4;373.7;233.9;389.1;male;Outros
20239a90-63fd-404d-b468-5d9932e65446;146;224;242;242;295.2;212.4;394.8;208.6;344.9;276.8;294.8;325.7;396.0;324.1;253.9;192.2;325.0;195.6;280.7;215.8;296.7;207.0;296.4;219.5;312.3;216.6;361.2;193.1;439.1;192.5;380.2;213.5;398.0;202.1;397.1;216.4;415.0;212.1;328.1;218.8;359.6;217.4;322.1;258.1;370.8;257.2;307.3;279.8;383.6;278.7;345.0;318.7;344.8;328.5;342.6;329.4;342.7;341.0;male;Outros
dd16bd21-51c2-403a-b689-bf7f45d2a39b;251;222;223;223;278.7;317.6;381.6;310.4;329.4;369.8;289.4;415.6;387.8;408.0;225.2;301.2;302.0;297.8;261.1;321.0;276.8;311.6;277.9;325.4;295.8;321.3;343.6;294.8;428.5;285.3;364.8;315.7;382.6;303.1;383.8;317.9;401.1;311.2;314.5;322.6;340.8;321.3;307.4;356.5;351.5;354.6;298.3;377.3;363.4;373.3;333.0;403.2;334.2;413.5;334.2;417.2;336.5;433.0;female;Outros
6ace67dc-a3ff-4ae5-8f41-b73134d25287;195;437;257;257;514.2;254.8;621.1;274.5;578.5;323.5;509.6;380.8;606.4;396.5;464.6;242.6;555.3;242.0;494.4;253.3;515.9;250.1;510.8;262.7;529.8;262.6;606.8;246.4;662.2;262.9;606.0;276.8;622.6;269.3;621.6;282.1;639.0;280.4;555.6;268.1;588.2;271.8;548.0;303.6;596.8;309.6;532.8;329.1;601.9;336.9;565.9;376.0;564.7;384.1;567.6;381.6;568.0;391.2;male;Outros
f3e12088-a446-48f5-a8aa-ed2bb2d26e0a;123;124;188;188;171.6;177.3;257.3;177.2;221.3;225.6;176.3;259.1;264.5;257.9;137.0;159.9;201.9;165.7;157.7;179.8;174.2;173.7;172.4;185.9;188.2;182.9;240.4;164.1;302.8;155.5;244.5;182.2;260.0;173.3;260.1;185.2;274.5;179.1;205.9;184.2;232.3;184.0;198.8;213.3;239.9;212.0;191.2;228.3;249.5;228.0;220.3;250.3;220.3;260.2;218.8;272.1;219.2;287.0;female;Outros
9b7d74ef-315f-42ac-bf84-cfd8f1de3a05;211;130;392;392;249.8;315.2;409.9;313.6;318.1;426.4;246.4;501.7;407.4;499.6;188.7;292.3;300.1;291.9;226.4;318.1;248.1;307.1;248.7;327.0;270.2;319.8;352.3;287.4;469.2;302.1;385.5;317.6;406.9;304.6;408.4;323.6;431.7;314.6;307.9;322.2;346.9;322.3;292.6;389.8;361.1;388.6;268.1;424.6;378.5;423.6;319.2;491.3;320.5;506.4;319.5;504.4;319.8;526.2;male;Outros
ef3e2017-65e7-4449-9d1b-aecfa588ae3b;126;209;235;235;270.5;193.6;382.8;192.7;331.4;251.3;275.6;298.9;373.5;296.5;217.1;172.9;304.1;173.6;247.8;195.2;270.4;186.3;266.7;202.9;288.7;198.8;353.3;172.8;424.5;175.7;361.8;198.9;381.3;186.3;382.0;202.5;401.0;195.2;313.2;202.2;341.8;201.9;306.8;238.9;350.0;238.1;296.2;259.3;359.8;258.6;328.7;288.0;328.4;296.5;327.4;301.9;326.7;314.1;female;Outros
90402ecd-27f3-470f-ad3c-f0b89281453d;124;79;150;150;121.8;162.6;185.4;166.0;154.2;204.1;124.7;233.7;183.0;237.9;96.7;152.1;134.0;148.1;110.0;163.4;121.2;158.2;120.4;167.4;131.6;165.5;173.2;150.8;214.2;161.0;175.1;168.5;186.5;162.0;187.0;172.1;198.0;169.1;146.2;167.6;165.3;168.5;138.0;192.4;169.8;193.5;132.8;205.0;175.7;207.6;154.3;228.2;154.9;234.5;154.5;240.0;153.6;250.1;male;Outros
2dc15bb3-423e-445c-87bf-db69cd61d26e;190;63;270;270;124.1;268.5;264.3;267.0;212.6;347.0;133.1;379.5;255.7;378.0;68.4;246.6;165.0;240.1;101.4;267.5;131.3;259.7;128.9;277.6;157.4;270.5;234.7;233.9;319.0;228.7;240.2;268.8;264.6;258.8;266.0;276.6;289.0;265.5;184.1;277.7;222.2;275.6;175.3;323.7;232.9;320.8;157.6;345.2;247.6;342.6;206.7;375.7;205.2;383.4;202.8;396.5;202.9;414.0;male;Raphael
37f63cf4-4986-4374-9ed4-83ab53a66b45;93;0;295;298;63.0;199.7;200.5;164.6;131.2;246.4;100.6;320.6;231.9;291.9;3.4;194.6;96.0;161.5;45.4;207.0;65.4;195.7;68.9;205.1;89.4;195.0;148.8;145.0;267.1;130.8;180.4;170.5;202.2;158.1;205.9;169.6;224.3;159.8;105.6;188.5;151.8;179.5;102.2;233.1;168.8;220.7;88.9;259.5;190.6;237.8;151.3;285.5;155.9;300.1;163.9;334.5;171.3;355.5;male;Raphael
89ef0daa-4fd2-463c-82d6-d470e5c0885a;54;37;87;87;62.4;74.9;101.9;83.5;83.9;97.9;57.5;113.6;94.7;121.2;47.9;64.8;76.7;68.8;56.2;74.6;62.5;73.0;61.9;78.0;68.5;77.6;95.7;72.9;115.5;78.3;95.9;83.3;103.1;81.5;101.4;86.5;107.9;86.0;78.2;80.2;88.5;82.2;73.0;91.7;91.5;94.3;66.9;97.3;94.7;103.4;79.6;112.4;78.4;116.1;77.5;121.1;75.9;125.5;male;Raphael
a0cf3aa2-6a65-4cf4-bb9a-e9de6d762d60;32;107;49;49;118.7;47.1;141.2;45.9;133.4;57.3;120.6;68.4;142.6;67.3;110.1;42.9;126.0;42.2;115.0;47.1;119.0;45.6;118.9;48.3;122.6;47.2;136.6;41.8;148.3;40.2;138.7;46.7;141.7;44.8;142.1;47.6;145.1;46.2;127.9;47.4;134.2;47.4;126.9;54.1;137.2;53.5;124.5;58.4;139.8;57.4;132.5;64.7;132.6;66.8;132.9;71.0;133.3;73.6;male;Raphael
431736a8-fb71-4349-b950-7cf88e25582d;66;16;77;77;33.2;92.5;69.8;85.8;54.5;105.3;41.3;124.7;75.2;118.5;18.5;90.8;41.8;84.0;27.9;94.0;32.8;91.0;33.6;94.6;38.3;91.9;56.1;81.1;78.6;76.6;63.7;87.0;68.3;84.0;69.7;87.5;74.1;84.6;45.0;90.3;55.9;88.5;44.8;101.7;61.7;98.5;41.4;107.8;68.0;103.2;57.7;115.7;58.5;118.8;60.3;127.9;61.3;132.6;male;Raphael
d10754ae-6908-407a-b8e2-914e9b2aff92;54;51;52;52;65.6;68.7;88.8;69.5;76.8;81.6;65.0;92.1;87.8;92.8;55.5;65.9;72.2;63.5;62.0;68.8;65.3;68.0;65.2;69.7;68.6;69.1;83.4;63.9;98.9;67.0;85.3;69.6;89.0;68.5;88.9;70.7;92.3;70.1;73.9;69.7;80.5;69.9;71.3;77.4;82.8;78.0;67.9;80.9;85.0;81.6;76.7;89.7;76.4;91.9;76.2;96.7;76.0;99.4;male;Raphael
055c36e4-e034-4e15-b5ef-330714f1d305;0;49;257;243;114.7;65.3;224.6;51.3;183.3;116.0;127.7;183.0;238.7;167.0;59.4;46.6;142.3;32.7;94.4;72.4;112.5;60.6;115.9;74.7;135.1;67.4;191.1;24.6;265.8;17.1;209.8;57.4;226.6;44.4;230.8;58.4;246.0;51.0;153.4;66.0;188.4;62.3;154.1;101.7;202.4;96.0;137.8;124.5;225.5;115.3;186.2;151.8;187.4;166.1;187.4;176.3;191.0;193.1;male;Raphael
4a759c37-274a-46d3-bd28-6bd4982bf686;33;22;48;48;35.4;47.2;57.0;46.4;46.2;56.9;34.1;67.6;57.6;67.0;27.3;42.7;40.4;41.7;31.2;47.6;34.8;46.2;34.8;48.5;38.1;47.6;51.5;41.2;65.6;42.3;53.7;46.9;56.3;45.4;56.7;47.5;59.9;46.7;42.5;47.6;49.1;47.3;41.0;53.1;50.9;53.0;37.4;57.6;54.7;57.5;45.1;63.6;45.2;66.0;45.6;71.5;46.1;75.0;male;Raphael
d3d4fd21-fcf9-492f-ab3a-c4d548ccf884;50;102;56;56;117.0;66.6;142.8;68.0;129.4;78.2;115.1;90.2;144.1;91.3;106.7;60.4;125.5;61.5;111.7;66.4;116.9;65.0;116.4;67.9;121.1;67.2;136.2;62.3;152.4;64.4;139.1;68.3;143.0;66.6;143.2;69.6;146.5;68.3;125.8;67.1;133.6;67.4;124.2;74.4;135.4;75.0;119.9;78.3;138.0;80.0;129.5;86.5;129.3;89.4;128.6;94.2;128.8;98.3;male;Raphael
5513d30d-c6c8-48e6-9c33-5f34a5f07076;101;20;234;234;74.9;178.9;188.4;166.9;132.5;215.3;88.2;272.1;200.5;267.3;20.0;169.8;101.9;150.0;56.3;182.5;69.5;175.4;72.7;183.3;88.1;178.6;153.1;142.0;240.5;154.2;171.6;170.1;188.7;162.4;188.7;172.2;205.4;168.9;112.8;175.8;147.8;173.7;106.9;205.6;156.1;200.5;95.3;226.7;174.1;218.6;137.5;253.3;139.0;264.9;139.9;273.7;141.0;286.7;male;Raphael
10df5164-1aa7-48cc-9f01-aeffcc2c923f;44;75;64;64;92.3;63.1;121.5;63.4;109.6;76.0;89.6;90.0;123.1;90.0;80.0;58.6;100.2;56.6;86.9;63.6;92.2;61.7;91.8;65.2;97.3;63.9;115.3;57.7;134.2;60.9;117.4;63.8;122.0;61.9;121.8;65.4;126.4;64.5;103.4;64.5;112.2;64.6;100.8;72.3;114.2;71.8;95.8;77.3;119.3;76.9;107.9;86.1;107.8;89.1;107.5;96.2;107.5;100.3;male;Raphael
552f8f1d-0624-44a7-8ef2-a3d0e52d6c74;51;63;55;55;75.1;69.3;101.6;66.1;91.9;79.9;79.8;93.0;103.7;90.1;65.2;65.1;82.8;62.2;71.7;70.3;75.9;68.3;76.3;70.7;81.1;69.0;96.6;60.8;113.6;59.8;99.1;66.6;103.0;65.2;103.1;67.5;107.3;66.2;86.8;68.9;93.4;68.2;84.9;76.4;96.6;75.5;81.9;81.6;100.1;79.5;91.6;88.4;91.9;90.1;91.9;96.3;92.2;98.8;male;Raphael
a80d0d69-56de-4488-80c8-53b981442e98;69;27;212;216;88.5;134.1;185.1;130.6;137.1;178.3;81.6;226.5;183.8;226.4;49.3;115.2;110.3;110.8;73.3;135.5;87.9;128.5;86.6;139.7;101.6;137.0;160.8;110.7;220.8;110.7;172.5;134.7;185.7;126.7;185.0;136.0;197.5;133.1;122.2;138.6;147.7;137.7;110.9;164.9;160.6;163.5;96.1;183.0;174.5;180.5;134.7;212.0;134.6;221.3;133.6;229.9;132.9;241.2;male;Raphael
3de97ad9-eab4-4440-8347-4e25de29344b;159;155;250;250;223.2;231.9;341.8;238.5;289.1;277.7;215.2;337.9;332.4;345.2;180.7;206.1;263.1;208.4;205.7;231.6;225.4;224.2;221.7;235.5;241.2;234.2;306.2;212.9;376.9;214.7;324.5;237.5;342.8;232.1;339.4;242.6;355.0;241.8;266.2;237.8;299.4;238.3;257.3;265.3;310.0;267.9;243.7;282.3;321.4;286.2;281.8;318.6;279.4;333.3;274.8;361.0;272.5;377.3;male;Raphael
6559684a-f6fa-440d-a70f-c7783e31038b;148;100;219;222;155.5;213.8;262.6;212.7;224.2;253.0;161.7;315.1;251.5;310.8;107.2;202.6;193.8;187.6;139.6;215.7;157.7;207.4;156.7;218.6;175.9;216.1;240.6;188.4;300.0;193.5;248.7;215.3;265.6;209.3;263.5;217.7;279.0;216.5;200.9;216.0;232.5;217.1;194.9;243.6;238.8;244.8;180.7;262.1;249.8;261.7;217.8;293.4;216.2;302.9;212.6;320.4;213.1;333.4;male;Raphael
67c2c106-b39e-4752-80e0-bbb2c5ed4df8;203;9;406;406;126.2;317.3;310.3;323.9;209.5;399.0;125.3;499.9;290.6;513.8;69.7;275.8;189.5;283.5;101.1;320.6;129.1;308.3;127.6;327.6;153.6;323.7;268.6;285.7;401.0;287.1;284.9;325.9;312.5;312.1;313.0;334.4;343.2;326.0;190.5;324.6;242.3;328.4;166.6;382.6;253.2;385.9;149.4;418.9;275.2;426.7;205.0;478.1;204.3;501.4;207.5;508.2;205.4;538.4;male;Raphael
e3e09c66-1f37-47d6-869e-891eea7b62e1;57;10;144;144;47.6;98.9;123.4;103.5;80.7;129.7;46.6;158.4;110.6;161.5;18.9;84.9;72.7;87.3;35.8;99.1;48.0;95.8;46.9;103.0;59.1;100.7;94.6;88.7;150.2;88.9;109.9;104.1;122.8;100.2;122.7;106.8;135.4;105.1;74.5;102.6;92.3;103.3;65.4;120.8;97.9;121.6;52.6;131.7;108.0;133.6;80.4;151.1;79.4;157.3;79.7;156.4;79.7;163.2;male;Raphael
8f1b8710-6362-4031-a406-2a6a35388119;408;576;120;120;606.9;440.4;661.8;442.9;639.4;470.4;610.1;495.3;661.4;496.6;584.3;429.6;626.2;431.4;597.5;440.8;607.7;437.7;606.8;443.9;616.6;442.4;645.2;433.3;680.9;432.5;652.8;443.5;662.7;439.7;661.7;445.9;670.3;444.3;629.9;444.4;644.1;444.8;625.2;462.3;649.8;461.0;618.3;471.3;656.7;472.2;638.8;489.4;638.2;495.8;636.9;497.1;636.4;505.8;male;Raphael
139d52d3-b151-4943-a7d8-ae921db2c269;208;212;120;120;246.7;241.0;299.9;244.0;278.4;271.0;242.1;294.0;294.9;298.9;222.6;232.1;264.6;229.3;238.3;240.7;246.9;236.7;245.8;244.0;255.4;241.9;285.2;231.9;321.8;237.1;291.8;243.9;301.6;240.7;300.8;247.2;309.0;245.2;267.2;244.2;284.6;244.2;263.4;262.1;289.9;263.2;255.1;271.3;295.5;274.4;272.9;288.4;272.1;295.3;271.8;299.1;271.5;306.9;male;Raphael
7f7fc91b-db8d-4909-b2e9-615f6e9a5e7a;416;881;98;98;910.7;442.4;952.7;442.3;930.1;466.1;908.9;488.6;947.0;489.1;894.7;433.4;925.4;433.6;903.6;441.9;911.1;439.6;910.5;444.5;917.8;442.8;937.9;434.2;968.7;433.5;947.1;442.4;953.1;439.6;953.2;443.9;959.0;442.2;925.3;443.8;940.0;444.1;921.1;459.2;941.1;460.2;915.9;464.9;944.1;467.1;926.9;481.4;926.5;487.1;924.6;496.7;924.0;503.9;male;Raphael
df841f05-d6ca-470c-b59a-880b92c41e47;730;911;124;124;945.5;768.0;997.4;760.0;974.7;790.8;950.8;826.9;999.4;819.7;920.8;762.6;955.3;754.1;935.9;771.1;943.8;765.2;944.7;772.3;953.0;769.1;980.1;751.1;1016.2;745.9;988.3;762.5;995.8;756.4;996.4;763.1;1004.2;759.6;962.9;768.1;980.2;764.9;960.1;786.6;987.3;783.2;954.5;798.4;994.9;794.3;974.8;812.6;975.7;818.2;977.1;828.6;978.9;838.0;male;Raphael
ba16bf11-1c34-4b51-9476-16589ad529e5;136;301;181;181;350.4;189.2;436.6;194.5;381.2;224.9;351.8;265.5;440.6;270.3;324.8;166.1;371.6;169.8;341.6;190.1;354.9;185.3;354.8;194.0;368.3;191.5;414.6;173.8;484.8;182.0;424.1;195.4;440.0;191.0;440.0;198.4;455.3;197.4;381.3;192.4;407.3;194.4;371.3;214.5;410.9;218.5;358.7;226.8;422.0;231.9;385.2;250.7;384.8;259.3;386.1;276.5;384.4;290.7;male;Raphael
674141df-4697-4f89-b126-d322d0ac74e9;359;1044;201;201;1095.0;421.5;1191.7;413.4;1145.1;456.8;1106.3;509.8;1183.7;507.8;1053.7;414.4;1124.5;397.7;1082.5;425.1;1094.6;418.9;1095.7;425.7;1108.9;421.8;1161.2;395.9;1230.4;397.3;1180.4;414.7;1194.2;410.8;1194.4;417.5;1208.2;414.8;1131.1;419.4;1159.3;417.4;1121.6;448.3;1165.0;445.0;1111.1;465.9;1178.2;461.9;1140.0;491.7;1140.6;501.9;1142.5;506.6;1144.1;518.4;male;Raphael
b51d5dfb-4b72-4b25-bfe6-c0a49d5623f7;247;410;64;64;426.7;265.3;456.6;264.5;441.6;280.6;427.0;292.6;456.0;292.1;414.6;261.6;435.0;260.9;421.6;266.1;426.5;264.0;426.4;267.0;431.3;266.1;445.8;260.8;468.0;261.0;451.2;265.6;456.2;263.1;456.7;266.2;461.3;265.1;436.5;267.1;445.1;266.8;435.7;276.8;448.2;276.5;431.2;281.7;452.0;280.9;440.9;290.1;440.7;292.5;441.5;293.9;441.3;298.5;male;Raphael
8ab05240-c3a8-46e5-93bc-25c867e529be;119;60;300;300;132.1;210.9;270.8;198.1;207.4;278.0;158.3;344.7;284.1;329.8;79.7;200.6;165.0;182.9;113.6;216.5;131.4;202.6;134.2;221.7;155.2;213.6;224.2;171.1;317.5;173.3;249.2;206.7;270.8;190.5;274.2;210.2;294.5;200.4;181.6;214.0;217.3;210.7;173.1;262.7;238.0;254.5;161.9;289.3;266.2;278.2;217.5;322.8;219.7;336.3;221.0;351.4;222.7;366.7;male;Raphael
50dfc56b-4af5-4eda-9db8-66723c7f1551;141;0;372;389;81.9;263.9;259.6;242.6;158.1;346.6;106.7;433.2;279.4;413.4;5.7;233.5;119.2;223.2;43.0;268.3;72.7;253.8;76.8;277.3;108.1;263.6;192.9;210.3;321.6;182.3;224.0;251.3;252.6;230.9;259.5;254.0;286.0;238.9;131.0;262.0;189.7;257.0;124.9;318.5;207.4;313.1;108.3;347.3;234.4;342.8;174.0;398.3;176.9;421.4;183.3;449.5;185.9;477.9;male;Raphael
67ee2d7d-0c39-4e25-b68f-30504e8e7cf7;85;51;244;244;108.4;161.0;226.3;154.0;175.9;209.5;124.3;267.0;232.3;257.3;62.3;143.6;146.6;133.6;92.3;162.2;110.1;153.4;110.6;168.8;130.6;161.9;186.6;132.2;269.8;131.7;207.8;159.0;226.0;146.4;229.1;162.5;247.1;154.0;158.2;161.6;184.3;160.1;145.2;195.5;199.6;189.7;127.9;216.4;219.3;209.3;178.6;243.7;179.5;252.8;183.5;274.6;185.6;287.1;male;Raphael
88166469-b5c2-4e88-bdba-008438dc789b;88;48;231;231;99.4;169.3;203.2;146.4;161.0;210.1;123.7;264.7;233.8;239.9;57.1;156.7;126.9;142.0;85.1;173.4;98.7;163.4;101.3;174.2;116.7;168.9;169.1;133.8;237.0;118.0;189.0;153.0;203.9;140.6;206.7;151.3;222.6;143.6;139.0;163.7;167.5;159.2;132.8;199.6;181.6;188.5;122.6;221.3;204.3;203.7;173.4;243.5;177.2;254.1;181.4;270.0;185.6;283.1;male;Raphael
409461c0-142f-484e-a96d-dd691090db9c;111;123;240;240;181.8;177.0;301.4;186.6;250.9;227.2;190.8;284.7;288.7;290.2;132.5;159.6;228.2;157.6;164.8;178.9;184.6;171.3;183.2;184.2;202.7;181.8;275.0;155.9;348.1;176.2;286.7;189.1;305.6;181.0;304.2;193.5;320.9;190.3;233.6;182.7;262.1;185.3;222.0;217.6;270.9;220.2;207.3;232.9;280.6;235.9;244.0;266.3;242.7;278.1;240.7;298.0;239.4;309.8;male;Raphael
